{
    "data":{
        "groups":[{
            "start":0,
            "materialIndex":0,
            "count":300
        },{
            "start":300,
            "materialIndex":1,
            "count":60
        }],
        "attributes":{
            "normal":{
                "type":"Float32Array",
                "itemSize":3,
                "array":[0.818934,0.17655,-0.546007,-0.183874,0.755028,-0.629353,-0.176794,0.757927,-0.627888,-0.806787,0.128422,-0.576678,-0.804193,0.133305,-0.57918,-0.146092,-0.801965,-0.57918,-0.151555,-0.802759,-0.576678,0.817621,0.173406,-0.548997,0,0,1,0,0,1,0,0,1,-0.258817,0.965926,2.26696e-07,-0.258817,0.965926,2.26696e-07,-0.258817,0.965926,2.26696e-07,-0.707107,0.707107,1.67558e-07,-0.707107,0.707107,1.67558e-07,-0.707107,0.707107,1.67558e-07,0,-1.32944e-06,-1,0,-1.32944e-06,-1,0,-1.32944e-06,-1,-0.965927,0.258816,6.06241e-08,-0.965927,0.258816,6.06241e-08,-0.965927,0.258816,6.06241e-08,-0.965925,-0.25882,-5.91381e-08,-0.965925,-0.25882,-5.91381e-08,-0.965925,-0.25882,-5.91381e-08,-0.707105,-0.707108,-1.6263e-07,-0.707105,-0.707108,-1.6263e-07,-0.707105,-0.707108,-1.6263e-07,-0.258821,-0.965925,0,-0.258821,-0.965925,0,-0.258821,-0.965925,0,0.258821,-0.965925,0,0.258821,-0.965925,0,0.258821,-0.965925,0,0.707105,-0.707108,0,0.707105,-0.707108,0,0.707105,-0.707108,0,0.965926,-0.25882,0,0.965926,-0.25882,0,0.965926,-0.25882,0,0.965925,0.25882,-0,0.965925,0.25882,-0,0.965925,0.25882,-0,0.707107,0.707107,-0,0.707107,0.707107,-0,0.707107,0.707107,-0,0.258819,0.965926,2.26697e-07,0.258819,0.965926,2.26697e-07,0.258819,0.965926,2.26697e-07,-0.252633,0.0573557,-0.965861,-0.252633,0.0573557,-0.965861,-0.252633,0.0573557,-0.965861,-0.689906,0.156629,-0.706751,-0.689906,0.156629,-0.706751,-0.689906,0.156629,-0.706751,-0.942019,0.213866,-0.258576,-0.942019,0.213866,-0.258576,-0.942019,0.213866,-0.258576,-0.942019,0.213866,0.258576,-0.942019,0.213866,0.258576,-0.942019,0.213866,0.258576,-0.689906,0.156629,0.706751,-0.689906,0.156629,0.706751,-0.689906,0.156629,0.706751,-0.252634,0.0573547,0.965861,-0.252634,0.0573547,0.965861,-0.252634,0.0573547,0.965861,0.252633,-0.0573557,0.965861,0.252633,-0.0573557,0.965861,0.252633,-0.0573557,0.965861,0.689906,-0.156629,0.706751,0.689906,-0.156629,0.706751,0.689906,-0.156629,0.706751,0.942019,-0.213866,0.258577,0.942019,-0.213866,0.258577,0.942019,-0.213866,0.258577,0.942019,-0.213867,-0.258575,0.942019,-0.213867,-0.258575,0.942019,-0.213867,-0.258575,-0.177446,-0.984131,-2.26329e-07,-0.177446,-0.984131,-2.26329e-07,-0.177446,-0.984131,-2.26329e-07,0.689907,-0.156629,-0.70675,0.689907,-0.156629,-0.70675,0.689907,-0.156629,-0.70675,0.252634,-0.0573549,-0.965861,0.252634,-0.0573549,-0.965861,0.252634,-0.0573549,-0.965861,0.177446,0.984131,-4.74453e-08,0.177446,0.984131,-4.74453e-08,0.177446,0.984131,-4.74453e-08,1,0,0,1,0,0,0.999969,0,0,0,0,1,0,0,0.999969,0,0,1,0,0,-1,0,0,-1,0,0,-1,-1,0,0,-1,0,0,-0.999969,0,0,0,0,-1,0,0,-1,0,0,-0.999969,-0.963469,-0.267708,0,-0.963469,-0.267708,0,-0.963469,-0.267708,0,0,0,0.999969,0,0,1,0,0,1,0.568651,0.822565,0,0.568651,0.822565,0,0.568651,0.822565,0,0.167638,0.985839,0,0.167638,0.985839,0,0.167638,0.985839,0,0,-1,0,0,-1,0,0,-1,0,-0,0,1,0,0,1,0,0,1,0,0,1,0,0,1,0,0,1,0,0,1,0,0,1,-0,0,1,-0.258817,0.965926,2.26255e-07,-0.258817,0.965926,2.26255e-07,-0.258817,0.965926,2.26255e-07,-0.707107,0.707107,1.6563e-07,-0.707107,0.707107,1.6563e-07,-0.707107,0.707107,1.6563e-07,-1.32942e-06,4.96151e-06,-1,-1.32942e-06,4.96151e-06,-1,-1.32942e-06,4.96151e-06,-1,1.32943e-06,4.96152e-06,-1,1.32943e-06,4.96152e-06,-1,1.32943e-06,4.96152e-06,-1,-4.9615e-06,-1.32944e-06,-1,-4.9615e-06,-1.32944e-06,-1,-4.9615e-06,-1.32944e-06,-1,1.32943e-06,-1.32944e-06,-1,1.32943e-06,-1.32944e-06,-1,1.32943e-06,-1.32944e-06,-1,0,0,-1,0,0,-1,0,0,-1,-4.96155e-06,-1.32945e-06,-1,-4.96155e-06,-1.32945e-06,-1,-4.96155e-06,-1.32945e-06,-1,0,2.65887e-06,-1,0,2.65887e-06,-1,0,2.65887e-06,-1,2.80946e-07,-1.0485e-06,-1,2.80946e-07,-1.0485e-06,-1,2.80946e-07,-1.0485e-06,-1,-3.83776e-07,-6.64719e-07,-1,-3.83776e-07,-6.64719e-07,-1,-3.83776e-07,-6.64719e-07,-1,-0.965927,0.258816,0,-0.965927,0.258816,0,-0.965927,0.258816,0,-0.965926,-0.25882,0,-0.965926,-0.25882,0,-0.965926,-0.25882,0,-0.707105,-0.707108,-1.65631e-07,-0.707105,-0.707108,-1.65631e-07,-0.707105,-0.707108,-1.65631e-07,-0.258819,-0.965926,-2.26255e-07,-0.258819,-0.965926,-2.26255e-07,-0.258819,-0.965926,-2.26255e-07,0.258821,-0.965925,0,0.707105,-0.707108,0,0.965925,-0.25882,0,0.965925,-0.25882,0,0.965925,-0.25882,0,0.965925,0.25882,0,0.707105,0.707108,1.65631e-07,0.707105,0.707108,1.65631e-07,0.707105,0.707108,1.65631e-07,0.258819,0.965926,2.26255e-07,0.258819,0.965926,2.26255e-07,0.258819,0.965926,2.26255e-07,-0.252634,0.057355,-0.96586,-0.252634,0.057355,-0.96586,-0.252634,0.057355,-0.96586,-0.689906,0.156629,-0.706751,-0.689906,0.156629,-0.706751,-0.689906,0.156629,-0.706751,-0.942019,0.213866,-0.258576,-0.942019,0.213866,-0.258576,-0.942019,0.213866,-0.258576,-0.942019,0.213866,0.258576,-0.942019,0.213866,0.258576,-0.942019,0.213866,0.258576,-0.689906,0.156629,0.706751,-0.689906,0.156629,0.706751,-0.689906,0.156629,0.706751,-0.252633,0.0573548,0.965861,-0.252633,0.0573548,0.965861,-0.252633,0.0573548,0.965861,0.252633,-0.0573557,0.965861,0.252633,-0.0573557,0.965861,0.252633,-0.0573557,0.965861,0.689905,-0.156629,0.706752,0.689905,-0.156629,0.706752,0.689905,-0.156629,0.706752,0.942019,-0.213866,0.258577,0.942019,-0.213866,0.258577,0.942019,-0.213866,0.258577,0.942019,-0.213866,-0.258575,0.942019,-0.213866,-0.258575,0.942019,-0.213866,-0.258575,-0.177446,-0.984131,-1.85502e-07,-0.177446,-0.984131,-1.85502e-07,-0.177446,-0.984131,-1.85502e-07,-0.177446,-0.98413,5.92519e-07,-0.177446,-0.98413,5.92519e-07,-0.177446,-0.98413,5.92519e-07,-0.177444,-0.984131,-6.03493e-07,-0.177444,-0.984131,-6.03493e-07,-0.177444,-0.984131,-6.03493e-07,-0.177448,-0.98413,-6.02438e-07,-0.177448,-0.98413,-6.02438e-07,-0.177448,-0.98413,-6.02438e-07,-0.177447,-0.98413,1.58005e-06,-0.177447,-0.98413,1.58005e-06,-0.177447,-0.98413,1.58005e-06,-0.177449,-0.98413,-4.4439e-07,-0.177449,-0.98413,-4.4439e-07,-0.177449,-0.98413,-4.4439e-07,-0.177446,-0.98413,5.94403e-07,-0.177446,-0.98413,5.94403e-07,-0.177446,-0.98413,5.94403e-07,-0.177446,-0.984131,-1.15939e-07,-0.177446,-0.984131,-1.15939e-07,-0.177446,-0.984131,-1.15939e-07,-0.177446,-0.984131,-4.42181e-07,-0.177446,-0.984131,-4.42181e-07,-0.177446,-0.984131,-4.42181e-07,0.689907,-0.156629,-0.706751,0.689907,-0.156629,-0.706751,0.689907,-0.156629,-0.706751,0.252634,-0.0573548,-0.965861,0.252634,-0.0573548,-0.965861,0.252634,-0.0573548,-0.965861,0.177446,0.984131,-2.41397e-07,0.177446,0.984131,-2.41397e-07,0.177446,0.984131,-2.41397e-07,0.177446,0.98413,-7.71118e-07,0.177446,0.98413,-7.71118e-07,0.177446,0.98413,-7.71118e-07,0.177447,0.98413,-6.16797e-07,0.177447,0.98413,-6.16797e-07,0.177447,0.98413,-6.16797e-07,0.177446,0.984131,-1.64589e-06,0.177446,0.984131,-1.64589e-06,0.177446,0.984131,-1.64589e-06,0.177445,0.984131,-4.86944e-08,0.177445,0.984131,-4.86944e-08,0.177445,0.984131,-4.86944e-08,0.177444,0.984131,1.20699e-06,0.177444,0.984131,1.20699e-06,0.177444,0.984131,1.20699e-06,0.177447,0.98413,9.83162e-07,0.177447,0.98413,9.83162e-07,0.177447,0.98413,9.83162e-07,0.177446,0.98413,4.65885e-07,0.177446,0.98413,4.65885e-07,0.177446,0.98413,4.65885e-07,0.177447,0.98413,-4.2773e-07,0.177447,0.98413,-4.2773e-07,0.177447,0.98413,-4.2773e-07,1,0,0,0,0,1,0,0,-1,-1,0,0,0,0,-1,-0.963469,-0.267708,0,0,0,0.999969,0.568651,0.822565,0,0.167638,0.985839,0,0,-1,0]
            },
            "position":{
                "type":"Float32Array",
                "itemSize":3,